fv_heavy_aho,fv_light_aho,fv_heavy_aho_seed,fv_light_aho_seed
-CTADKV-IYQCFYCL-MTMS--VTGS--GASSLYYGSG-S-DMEMWCPMSDNAFCHAARGGTGSSG--TGLSLTTLIRGNQVENTAY-SEIRTETYWYVKKKD-R-WRYCKYRNWHTMGDVDVQFWLRINHEIIMHCQGDPFFEYAEW,DPKWSKSERMTKIIFHKP-SQTDASGSGASLGRATVLTGPDTIDSLQHQEVMRIH-PQGTLSVRASSGGSSLRNKSVSRAHETCLSDCCREG-PVRMQR-WVAIPVIDFSYSDEKNLPLVYGDND-MVGNCEFLECVHQSKSCKYPIT,-CTADKV-IYQCFYCL-MTMS--VELCFRCMH-SQDTHMP-EDMEMWCPMSDNAFCHTIDAKKPIIHNTGVHWSAHLIRGNQVENTAY-SEIRTETYWYVKKKD-R-WRYCKYRNWHTMGDVDVQFWLRINHEIIMHCQGDPFFEYAEW,-CTADKV-IYQCFYCL-MTMS--VELCFRCMH-SQDTHMP-EDMEMWCPMSDNAFCHTIDAKKPIIHNTGVHWSAHLIRGNQVENTAY-SEIRTETYWYVKKKD-R-WRYCKYRNWHTMGDVDVQFWLRINHEIIMHCQGDPFFEYAE
VWQVYTQMASKITIHWGQAGWNE-S-VEVYYLRGSS--TGLTANALDEQVSNMYRAN---VKSGYAPGTLPDSGTAPPCIPL-WEAHFGKSHLECFKVAGTHWYSHDVDHMQHPGLSRDGHAMMPLSLM-SIRQFKHA-AVNPWSACAV,QNYKAPFRSKASGS-SRDVMPSMLVYATVSGGNLLQS--TGSAPH-GMYWM-DEHWI----SLY-G-PGRSPLFLIWIIYYMIQCVPRSEIHMCMQIRCHMQGK-LARPYFF-NWGVEHFQGIIQHHCRNSMPWLKRVMIDC-KNVYQ,VWQVYTQMASKITIHWGQAGWNE--QKQMDKWVLLEDWMCKAANALDEQVSNMYRANQNAFGDKYS-IALFGSKDIPPCIPL-WEAHFGKSHLECFKVAGTHWYSHDVDHMQHPGLSRDGHAMMPLSLM-SIRQFKHA-AVNPWSACAV,VWQVYTQMASKITIHWGQAGWNE--QKQMDKWVLLEDWMCKAANALDEQVSNMYRANQNAFGDKYS-IALFGSKDIPPCIPL-WEAHFGKSHLECFKVAGTHWYSHDVDHMQHPGLSRDGHAMMPLSLM-SIRQFKHA-AVNPWSACA
AGDEKETACIKFARCNSHFRRFQGSV---LDGYGTAI--V-RSNCWCQHACIYIW-AKGRSKSSLSGSVSG-S--AFHKSCLFGDSQRYGAKHFQCDNYRLLSYYQFSVPVNGIETGNN-IKYGRSQDPCHCSVNIGPFYWIEAQTDLI,-ENSTCYVPEWTKIMIPDRANTPTLA--Y-A-S--S----LSVDINDACRNFHFFWVIS--AS-------SSRWWWYCC-QSAASSNCPPITPYAITEMMPQNHPWQEMPEKIYLGPDT--SNNWHDMMCMQVLAAARILAI-GTKYC,AGDEKETACIKFARCNSHFRRFQGDGA-HFGTHDEEMEHVMHSNCWCQHACIYIW-AECNEWHLWVQVQGFITYG-FHKSCLFGDSQRYGAKHFQCDNYRLLSYYQFSVPVNGIETGNN-IKYGRSQDPCHCSVNIGPFYWIEAQTDLI,AGDEKETACIKFARCNSHFRRFQGDGA-HFGTHDEEMEHVMHSNCWCQHACIYIW-AECNEWHLWVQVQGFITYG-FHKSCLFGDSQRYGAKHFQCDNYRLLSYYQFSVPVNGIETGNN-IKYGRSQDPCHCSVNIGPFYWIEAQTDL
QRCWWFGYHVEHESGRWPKHKMN-LGTSLTLTGGWGTISSLSIYIVLASYLQCKMFQG-ASGSSGTYSAYGSYTYSALVHGQKYIWYLQHESQKYKWQKEYPSLAQ-WRCPSVPRSSYALR-QIWDWVQCMYSNGVC-DILIVRWWHNE,RP-DKPTEHYIWCKEPGHRHQ-MTGTS----SSL---PSAAGGPLQWN-D-SRLHKIVASSL-YYGTSTPRACRGPFDEGACN--TMWGSGENNDYMNKHFAMCIFCPMFHKHAGFHRECPQ-YWMMAEQQMNASTELNN-RMGLLWQ,QRCWWFGYHVEHESGRWPKHKMN-FCSQQKNNVTQKIEMWE-IYIVLASYLQCKMFQ-RTYMLCHWGHCDNRIPCCALVHGQKYIWYLQHESQKYKWQKEYPSLAQ-WRCPSVPRSSYALR-QIWDWVQCMYSNGVC-DILIVRWWHNE,QRCWWFGYHVEHESGRWPKHKMN-FCSQQKNNVTQKIEMWE-IYIVLASYLQCKMFQ-RTYMLCHWGHCDNRIPCCALVHGQKYIWYLQHESQKYKWQKEYPSLAQ-WRCPSVPRSSYALR-QIWDWVQCMYSNGVC-DILIVRWWHN
INNDKSHMWMGRNQDYLMP-EMS-LVSGKGSTIK--RG--KVGDQV-E-KPIFEMFLVVQGVRASDSLSYVASYYGVFALKTEDYGEGGVFAIQGHLQETSSFFLEQF---LFGFDLNFIWARIE-TMAGDNATYNKQDPTQDMAAQGS,WCVVYWTGEYQRLIFMLYNYLTVVVAVTGGATYYLTDIPSITAKPMEDNMEDTSPMHEGQ-TLSGNRQSSVWCWIPCGWWCAWLLHTMPLKQALQHTSRKIGIPFTARPPPMHFPGTNALSMPWFSSLEHQFEGTQDFEHEMMHAMAL,INNDKSHMWMGRNQDYLMP-EMS-WRHLKPYMYITEWHIDKQGDQV-E-KPIFEMFLFC-IFADPKYKTWQK-PKDVFALKTEDYGEGGVFAIQGHLQETSSFFLEQF---LFGFDLNFIWARIE-TMAGDNATYNKQDPTQDMAAQGS,INNDKSHMWMGRNQDYLMP-EMS-WRHLKPYMYITEWHIDKQGDQV-E-KPIFEMFLFC-IFADPKYKTWQK-PKDVFALKTEDYGEGGVFAIQGHLQETSSFFLEQF---LFGFDLNFIWARIE-TMAGDNATYNKQDPTQDMAAQG
HKMTFCQYLQDPHDWIRLKREKGWPGLTASGSSYYGEVSS-GREPS-IQRESA-GFQSSSSGYEADSSLGYYY---NTATCKLGEKKCVEIVVLNPMNKAEDP-AQTIPHWTWSYQYMSNVKNWTHMNIGRKYDKSQHMGHMKVQFPLC,V-LKFMPVKQKHAEENYCRPGHDSVKL-YS-TSQ--KSLTIPNMWRWEGIEG-WEFQPGISYLASGLTLSVGRYMIRIYGTETYWINIRQAPRTTTHDTESAFGVVMHHECNGRAKMDSCPSYCYRHGSVQM---DH-WECGPEALYS,HKMTFCQYLQDPHDWIRLKREKGWLMWMCWRYVVCLAYH-DWREPS-IQRESA-GFQDGWAENHAKFVSE-MDRFHNTATCKLGEKKCVEIVVLNPMNKAEDP-AQTIPHWTWSYQYMSNVKNWTHMNIGRKYDKSQHMGHMKVQFPLC,HKMTFCQYLQDPHDWIRLKREKGWLMWMCWRYVVCLAYH-DWREPS-IQRESA-GFQDGWAENHAKFVSE-MDRFHNTATCKLGEKKCVEIVVLNPMNKAEDP-AQTIPHWTWSYQYMSNVKNWTHMNIGRKYDKSQHMGHMKVQFPL
FAHLAVWGEWMRRGQGLVMERQHGT-----GSSGSGGRSSIYFLDYYFAFYDRREHRTKPGVYYG-----S-STTRYRIDCGNGCELRYFIQTYKKTVHFLAQ-LFA-NYRPHVIKFPRPMSRYGQNRRSEVVSCPMLFFRI-PGNPNP,GYWEE-ETVS-ETVYLKWTIK-FYLLYYKGA--RKGLIASSYR-MM-VYIAKA-PYFIV-VTGLSVTVGASYYTNHGNWWFLHYV-MTNRQLKPRLSNRN-VLPANVP-YCHASTRA-SGIAEAQVDVE-HTWI-IVEVRPVS-FYHN,FAHLAVWGEWMRRGQGLVMERQHGFLQLTYHMAYPANVCDVRFLDYYFAFYDRREHRPWFRDGNSYH-NMWGLDAAYRIDCGNGCELRYFIQTYKKTVHFLAQ-LFA-NYRPHVIKFPRPMSRYGQNRRSEVVSCPMLFFRI-PGNPNP,FAHLAVWGEWMRRGQGLVMERQHGFLQLTYHMAYPANVCDVRFLDYYFAFYDRREHRPWFRDGNSYH-NMWGLDAAYRIDCGNGCELRYFIQTYKKTVHFLAQ-LFA-NYRPHVIKFPRPMSRYGQNRRSEVVSCPMLFFRI-PGNPN
VVIQDHRVAFNLCDQ-KRMHEMTFGGS--TSSRKTLGSGSGTMHFISQRIAMRLVNRAGGLGYLE--KQGLS----GGPCTKVLPW-TILIFCDYFHNNPCGT-QGHPTPHAEKCGCESFMY-CYGFYPPDRL-TDDSKGLGGVY-GYI,DSTVNVWNETDTANMLFICW-N-VRTDKSGLSLTTGYYYGSSHDNLCNH-FYEIHSPTATSSGGLST-PLTIPMLLGDDVEVHWFGYLTPFMIEFGLEPLDRSLVREC-DKCKEGADESQ-KE-CMD-QTYIHNEYGKIWNCKNVCKV,VVIQDHRVAFNLCDQ-KRMHEMTFMHLHFDPVVYFGDALDYDMHFISQRIAMRLVNRGTAA-WWSWLTDGVEPNTRGGPCTKVLPW-TILIFCDYFHNNPCGT-QGHPTPHAEKCGCESFMY-CYGFYPPDRL-TDDSKGLGGVY-GYI,VVIQDHRVAFNLCDQ-KRMHEMTFMHLHFDPVVYFGDALDYDMHFISQRIAMRLVNRGTAA-WWSWLTDGVEPNTRGGPCTKVLPW-TILIFCDYFHNNPCGT-QGHPTPHAEKCGCESFMY-CYGFYPPDRL-TDDSKGLGGVY-GY
EECA-DNQSR--LCT-IYSWCFYITLSSTLRS----LLSGGGRAKICWCWAHSTMTVSTWSA-VGLGLSASG---SP-CRQRYMCDTWKQCYGRDDQ-IYQMVILHDMGEDTWSET-NDSLITFRNQTWNRMMIQWDA-DCEYLLHKGG,VHTNFHIERMMENVRYDV-RGAVMTG--TKSSG---SA-AYINVAKQFWCHYFHFIAYT----Y--SKGTS-MCPVQNHA-FTRCCQV-MKAFQSNETWLHKTYIAEHVGIEHVALSWTLEWDIKYH-KPWKHTYMHSVWFSKNRMES,EECA-DNQSR--LCT-IYSWCFYIGNEAWPHVTLTGTN-YWTRAKICWCWAHSTMTVVISNVATRHAQRSCYMW-TP-CRQRYMCDTWKQCYGRDDQ-IYQMVILHDMGEDTWSET-NDSLITFRNQTWNRMMIQWDA-DCEYLLHKGG,EECA-DNQSR--LCT-IYSWCFYIGNEAWPHVTLTGTN-YWTRAKICWCWAHSTMTVVISNVATRHAQRSCYMW-TP-CRQRYMCDTWKQCYGRDDQ-IYQMVILHDMGEDTWSET-NDSLITFRNQTWNRMMIQWDA-DCEYLLHKG
AMNQDVIQPTYHNGLWQCTHCAKESG-G-GTAASGS--S--VQD-WGALL-KAIMTTGLLYTGTARGRLTWGSG---G-QNFP-ESI-NVRELTDQTNRI-VVDQQLDT-IDMNNALEVEVEIWHWYYTIMWPCIAILFVYPLPAVATG,HEMYPLQMPFLGVYRDKVGMTCWAKAGSYLSV-TGLTYG--TQHCDLTWSQSVGFNLKGTSVYPGLGGLSRLRK-STWYQEVVSNWCQRDMKGQMSYN-TTVWLDAMAKFNYPPGRH-FFFLEATYHDDSCTNLDPYGFIVAYP-A-F,AMNQDVIQPTYHNGLWQCTHCAKEKAQESSIP-SEYLRIMPVQD-WGALL-KAIMTTWCEMQYFMHLMEVWHTMFN-G-QNFP-ESI-NVRELTDQTNRI-VVDQQLDT-IDMNNALEVEVEIWHWYYTIMWPCIAILFVYPLPAVATG,AMNQDVIQPTYHNGLWQCTHCAKEKAQESSIP-SEYLRIMPVQD-WGALL-KAIMTTWCEMQYFMHLMEVWHTMFN-G-QNFP-ESI-NVRELTDQTNRI-VVDQQLDT-IDMNNALEVEVEIWHWYYTIMWPCIAILFVYPLPAVAT
LSKCMFV-VIDMKCHQVNWNTAVRTGAGLSSSRASG-----SVFTSPLLHIDMT-RP-G-SGAGVT-AVSYGSRLTAMPAVYHAESMVEAGDFGAPC-HRFFPFGGNQGDDECGSWVEHRGMRRSQSEDDCRPLFKYEPNDIII-FLIS,DAPWMTYIGRIRMMIHPEHLMA-LGQLTGTLGTKYGALIYLLVGLIQSWQFWFMLHINVSTAPGLLVYTLPGYVRARWIH-NVMAHIVSRWMCADHNQPEYNVADNRAQHVDFVRGIKYWPP-YTQQPMPQHCHWDEAEYFEYMKVWT,LSKCMFV-VIDMKCHQVNWNTAVRHLRIMFDVWQAP-PGGIKVFTSPLLHIDMT-RPHTKSMTDMLFDE-RIMVIMAMPAVYHAESMVEAGDFGAPC-HRFFPFGGNQGDDECGSWVEHRGMRRSQSEDDCRPLFKYEPNDIII-FLIS,LSKCMFV-VIDMKCHQVNWNTAVRHLRIMFDVWQAP-PGGIKVFTSPLLHIDMT-RPHTKSMTDMLFDE-RIMVIMAMPAVYHAESMVEAGDFGAPC-HRFFPFGGNQGDDECGSWVEHRGMRRSQSEDDCRPLFKYEPNDIII-FLI
IAEAR-QDEKWFRSHVPRGRHNTQPGT-LSLAGS--ASLGAGKGWGHDYRHPAV-YQRL--SGYSYSGLTVVTGVKCWAQRETAKLQSNC-ASSRKYMMDNESQRDLIHVMCTVSECPQSITEYQLPSCKDKVYESSIVQPIEQGDPPA,G-PIKWIED-ILKMRCIYRVWFWISG---SA--SYYLTQ--SDMTGCEFQVIMPHKIALSLVSGLYGTSGGTAWMMPQRFNI-CIHNGHPD-SERHYRHGVDQEKDFYVCEWEQGKQFSCINVQDSKRCQNWWSPMLVKQECAYA-VK,IAEAR-QDEKWFRSHVPRGRHNTQRRKEVITGSTCHGRYFLDKGWGHDYRHPAV-YQFCPFFPCCAGDAEWWNCSVCWAQRETAKLQSNC-ASSRKYMMDNESQRDLIHVMCTVSECPQSITEYQLPSCKDKVYESSIVQPIEQGDPPA,IAEAR-QDEKWFRSHVPRGRHNTQRRKEVITGSTCHGRYFLDKGWGHDYRHPAV-YQFCPFFPCCAGDAEWWNCSVCWAQRETAKLQSNC-ASSRKYMMDNESQRDLIHVMCTVSECPQSITEYQLPSCKDKVYESSIVQPIEQGDPP
RKFVTWSASKCS-YGMEERN-YSSSYA----SGR----T-GQCIVYPGPQLFERAQG--LKGSSYSSGTGAAGLTVKYGTTQMNS-PVSPSAVNLDPGMFKFSPF-VNSC-HYQSFEGENEYRLATMFENLG-IW-NNGAFGMG-NNSD,MNNALPIQIFMN-KEFI-PEAIMTTGSLLV-GES--S--TQSTQSLVWTVAFVYMFSASGGSGYSLRA--TDERHSPSNIREHFNQCAKQFVANRHLASQEFCPFPCVTTFYYNTSSAAEQWEVLHHNRSR-H-KT-YSWKYCWHVLL,RKFVTWSASKCS-YGMEERN-YSSTKQHVKWVTNGYIAGHWYCIVYPGPQLFERAQGKQQHKMKNEKALRQWKPQFKYGTTQMNS-PVSPSAVNLDPGMFKFSPF-VNSC-HYQSFEGENEYRLATMFENLG-IW-NNGAFGMG-NNSD,RKFVTWSASKCS-YGMEERN-YSSTKQHVKWVTNGYIAGHWYCIVYPGPQLFERAQGKQQHKMKNEKALRQWKPQFKYGTTQMNS-PVSPSAVNLDPGMFKFSPF-VNSC-HYQSFEGENEYRLATMFENLG-IW-NNGAFGMG-NNS
KHD-PGQCFFGGKYTSVEMMS-VVVGTG--TGSYVASGGWISVVADKYWDWMFCGDIGLEAISVGVETGSSLTLSSIARIFCV-HLKDKIKGVLICNDYVNVGQ--HH-FMKRKPYTQIDRWVGC-SGR-GNILWYIFEREMVGWPCYQ,A-ATKRVGDWGGRINKCC-RMQMMRLGQSS-KGYSGDAA--LHLCWGFESLDWGQCQCVVTA-PVYVKL----VAMCIYPLDENIVAFTQSTQLSEQDNTVFVMKNDSRGYDYDVVMPVTPVHNDDTR-DDYPPPDDRIMWFRWWQED,KHD-PGQCFFGGKYTSVEMMS-VVPDADHF-WGVVRDTNSFMVVADKYWDWMFCGDIVPIRIMQHVLE-VNKLSFDIARIFCV-HLKDKIKGVLICNDYVNVGQ--HH-FMKRKPYTQIDRWVGC-SGR-GNILWYIFEREMVGWPCYQ,KHD-PGQCFFGGKYTSVEMMS-VVPDADHF-WGVVRDTNSFMVVADKYWDWMFCGDIVPIRIMQHVLE-VNKLSFDIARIFCV-HLKDKIKGVLICNDYVNVGQ--HH-FMKRKPYTQIDRWVGC-SGR-GNILWYIFEREMVGWPCY
-IKEWKIH-VWNAC-FAQR-NEPIST---S----GQKAGGG--TRYMKKGVNARCGSSRSAPGS-APSSTTSSLAPFTMTPWRCYNN-TSNMLNMLACDYGIDVHHSDVREFR-P-LPTWR-YEWPYLRTTFFMDTD-MSCSF-HVKHF,-VDLETCSENCIEKNNLNRWWMIRTLGTG-SVRSSQS-I--VQCHIDIDLNWKAMQMPVGLGIS-S--SVLSDMFGYAFRTGPYHMKPKDYMFLPNDSAWC--MFDISPMALVTHAPVQENEVNTNMAWLEW-WRGIGDHLVLFVPHL,-IKEWKIH-VWNAC-FAQR-NEPIMR-PQIAHFPMPDGIWND-TRYMKKGVNARCGS-R-LSSTTA-CRHCRATGHFTMTPWRCYNN-TSNMLNMLACDYGIDVHHSDVREFR-P-LPTWR-YEWPYLRTTFFMDTD-MSCSF-HVKHF,-IKEWKIH-VWNAC-FAQR-NEPIMR-PQIAHFPMPDGIWND-TRYMKKGVNARCGS-R-LSSTTA-CRHCRATGHFTMTPWRCYNN-TSNMLNMLACDYGIDVHHSDVREFR-P-LPTWR-YEWPYLRTTFFMDTD-MSCSF-HVKH
R-AAHE-DDWTNEEKHMWERYRTYSGASKVVSI-SL------GVLAPCKQEVDL-MVYWVSGASYALYAKG--GRYREWALPEFLWDDQPSFLEMRYPSQYNPTIEGHQTTLRLDKQE--NNDSRYIQHAECEKVGGRQQICMRFSAHN,NDSLEDKEHEDHI-CRSYPCNDMHDSTLSWG-GTAGTPG---HGYVILAYNIAMSQLSSGLSCAKATQSSSSVL-YWHVAHYCEQRHSTK--PWIAFF-NGWACLMEAME-NITCNLHYMIIVI--SENPAPAT-YKQWGFGGAPAFD,R-AAHE-DDWTNEEKHMWERYRTYQQLEY-HCTAERQISWTEGVLAPCKQEVDL-MVNRHPNTISCDSHMRPMFAAREWALPEFLWDDQPSFLEMRYPSQYNPTIEGHQTTLRLDKQE--NNDSRYIQHAECEKVGGRQQICMRFSAHN,R-AAHE-DDWTNEEKHMWERYRTYQQLEY-HCTAERQISWTEGVLAPCKQEVDL-MVNRHPNTISCDSHMRPMFAAREWALPEFLWDDQPSFLEMRYPSQYNPTIEGHQTTLRLDKQE--NNDSRYIQHAECEKVGGRQQICMRFSAH
SRWVRTNAQLEQMIVKGRCKMERPDKLTTLVSA--SSG--SPRERWNMMGTPQ-QGVGLWALVYLTVSSVQVGSRDTVWDRCKRWVKRFGSKNHYCENCANEADRDLVVP-HK-SVGTPI-WQGRNRADDVNG-MVSLHLIKVTPQGWV,KSPIIWRRHSASGENRFQH-M-VRSGLSLLTTASGPGNSGGVKVWQDEDGNDYL-GDIGVSGSLRGT-VTYTKRSFCARKRV-DAQWYHWMVFTTDHCVYLWAELVHA-VWEEHFKLVGWAHHDHDTTKENEHWWKSLPWHM-KPRFW,SRWVRTNAQLEQMIVKGRCKMERPCHERQYVETFRPHMCMNQRERWNMMGTPQ-QGVAGPWPIHTACTMSLCAWMETVWDRCKRWVKRFGSKNHYCENCANEADRDLVVP-HK-SVGTPI-WQGRNRADDVNG-MVSLHLIKVTPQGWV,SRWVRTNAQLEQMIVKGRCKMERPCHERQYVETFRPHMCMNQRERWNMMGTPQ-QGVAGPWPIHTACTMSLCAWMETVWDRCKRWVKRFGSKNHYCENCANEADRDLVVP-HK-SVGTPI-WQGRNRADDVNG-MVSLHLIKVTPQGW
DDENLQNYSAQDMWSSTWIDDANEA--GTESS----SSLQTGFYAFKQKKMYYDTVPGS---GSSGAENYLLLSSDSANFMMLMTPASCKRHLTEGNSCFCIAFNQPQPRMMQYRRREGPFSWCCQADFDHDGPQEPHTKRVHQ-GPNH,IQYTYY-DENRYYWNIMTTQEWDHYYYPAKSSYKV-IDPAKDNR-ECS-QEYEKVCSSGYAITGGGSGSPGSYTAEMPHQMMK-NWWNIRISRSAFTKRANCCQN-FTDPHFQAISCINYRKHCEWCMAPAPRTQA-QNGPYLHAHET,DDENLQNYSAQDMWSSTWIDDANEDIVKLHCTGPDG-SSARAFYAFKQKKMYYDTVPDILELHAVGCGMW-LFAAGSANFMMLMTPASCKRHLTEGNSCFCIAFNQPQPRMMQYRRREGPFSWCCQADFDHDGPQEPHTKRVHQ-GPNH,DDENLQNYSAQDMWSSTWIDDANEDIVKLHCTGPDG-SSARAFYAFKQKKMYYDTVPDILELHAVGCGMW-LFAAGSANFMMLMTPASCKRHLTEGNSCFCIAFNQPQPRMMQYRRREGPFSWCCQADFDHDGPQEPHTKRVHQ-GPN
YAERFTSIYFFAVLMQ-CVIQVCQVGGLLVKS-YTQDTSQSAVIRNIM-FKKRMHSNYSSVGIGLY----YYLA-LEYDTVCSRLNENGKCRSPLMDWVICIPERVWYDHQLFADHRW-QCMKKHQDVLRAVQRIQYEFCLDLCRTFRK,DTHQ-Q-DNRFLTCDFQPDKGAYTYSSGLSLVQKVAPSTTVNLKCEGMY-QAKRWPWCAVSG--LGGAGY--D-CCVYDYMSQRFMAKTSYHRNNCRTQSPAQGIPL-ATMTVQYAWLQGSDAG-EFLRWCYPQYNMCICKRRDVRLE,YAERFTSIYFFAVLMQ-CVIQVCQNTEH-IACQPKQAHQIIQVIRNIM-FKKRMHSNDMRLDIVTIHP-PWFAAILEYDTVCSRLNENGKCRSPLMDWVICIPERVWYDHQLFADHRW-QCMKKHQDVLRAVQRIQYEFCLDLCRTFRK,YAERFTSIYFFAVLMQ-CVIQVCQNTEH-IACQPKQAHQIIQVIRNIM-FKKRMHSNDMRLDIVTIHP-PWFAAILEYDTVCSRLNENGKCRSPLMDWVICIPERVWYDHQLFADHRW-QCMKKHQDVLRAVQRIQYEFCLDLCRTFR
ECKKTIID-LQGRQNHQAPRYWRTKVTGKG-------S-LYSMN-STMETMEF-M-F-VDSQASG-SLAGTVTLTANNFLKV-TFCIR-QMTRQDEDCMCETS-W-SS-NTAFMCLALILEYNLYLIEMIVLESVQKMTVIVTACIRMN,QACGTAWGNKIESYPW-MNGRSIHPVSSCA-S--GAGAGTDATHEIYCHQIHAKNWAWGGVGYYG-----G-WFMKMRWALGIMHNETQVIM-CMDHAGTVDPEHYDMYTNGEATVFNGLVWSNCQATDKLRSICRLAVHMGEYWWMH,ECKKTIID-LQGRQNHQAPRYWRTMVCCNCNFNAKCVSKTWIMN-STMETMEF-M-FYIPNYEPI-WHNALNCPTSNNFLKV-TFCIR-QMTRQDEDCMCETS-W-SS-NTAFMCLALILEYNLYLIEMIVLESVQKMTVIVTACIRMN,ECKKTIID-LQGRQNHQAPRYWRTMVCCNCNFNAKCVSKTWIMN-STMETMEF-M-FYIPNYEPI-WHNALNCPTSNNFLKV-TFCIR-QMTRQDEDCMCETS-W-SS-NTAFMCLALILEYNLYLIEMIVLESVQKMTVIVTACIRM
NLAYASDYHFMHEGGHIMMCWIDLVTSSGLAVYSLGGSGISLWRHDHNFYH-I-FCQ-WSS---S-VGSSGRAKGTMNDFTWQYIGGPWRHILHPIQPSIMIEWNAGFKCCTPMPYNQE-GRYSQW--ANYVMKSRVDERYDAIQQIWL,NRAVVKNGDIH-YNFL-NCKDIEKLQ---GADTSLIITYSVKFCMEAWTVAVKWHCGASV-IST-VDSG---WARKCRLPYHDQTIIMHMCWLNM-CAWWSQKYNCYELILI-HANGNLAKWI-PPAKLSGSWDPIPKLFFTTAQSMQ,NLAYASDYHFMHEGGHIMMCWIDLFNMKDPYS-KLAVQTETLWRHDHNFYH-I-FCQWNTCSHTETMEGMKPSV-PMNDFTWQYIGGPWRHILHPIQPSIMIEWNAGFKCCTPMPYNQE-GRYSQW--ANYVMKSRVDERYDAIQQIWL,NLAYASDYHFMHEGGHIMMCWIDLFNMKDPYS-KLAVQTETLWRHDHNFYH-I-FCQWNTCSHTETMEGMKPSV-PMNDFTWQYIGGPWRHILHPIQPSIMIEWNAGFKCCTPMPYNQE-GRYSQW--ANYVMKSRVDERYDAIQQIW
IC-INMHIFHLAQGFYVRYLQASWTLGSGKATGL-ASGSSSGFLNRCKYMKVVEPIWGSGQGWGTGISSVAA-G--PMASLIWWMHCEQHDQLTSGDVGEANN-QRAVQEIQSACHYDTVWVDTMV-RFCYILYPWQNCHV-VWHFLRD,TKYSAPWIHYSDYESGEQAKWDKESSG--SGSGY----SSLYMFYHCNVQLYFRPGCRTTAGSGCAGLTYTDKVRCFDARYTFLR-WKCHPQYEGLGDKNCRLFYYTQVKMPNFHLEFVDKFGSPRTPFDKFS-AMMVDCEFPHDAKQ,IC-INMHIFHLAQGFYVRYLQASWWDVMCESCSVLGQSY-CGFLNRCKYMKVVEPIWQSGKLCHVENEPFDATRCTPMASLIWWMHCEQHDQLTSGDVGEANN-QRAVQEIQSACHYDTVWVDTMV-RFCYILYPWQNCHV-VWHFLRD,IC-INMHIFHLAQGFYVRYLQASWWDVMCESCSVLGQSY-CGFLNRCKYMKVVEPIWQSGKLCHVENEPFDATRCTPMASLIWWMHCEQHDQLTSGDVGEANN-QRAVQEIQSACHYDTVWVDTMV-RFCYILYPWQNCHV-VWHFLR
MMMLTVMNWLFTRPPAGHCRTFRSS--G---------YSLGRPAR-TMVHTDDGVWR-S-----GSGL-VTYTRSAIVEMHIYTLCVWVETCGA-NPCA-TQQWWPVGVAG-DWTSVLVSC-VGILSVGIWPWDSEN-YNECEHVACAQ,DSRLPWGADMTEQTPRAYAFWMWDSQSPWALQSS-GTS-----FTMVHVIWNYCVVFRSGSGTASDGATLSSHIMIYSISQVKMAHGACWDNHIILMQIAKIFGYCW-PSYFGYYWTWCSE-DFFHRSAWCPEYLNKHHHCHG-CCRT,MMMLTVMNWLFTRPPAGHCRTFRSSCG-NLLQ--IDNI-DIDPAR-TMVHTDDGVWRNGK-KFFKATKMRDDNHWYIVEMHIYTLCVWVETCGA-NPCA-TQQWWPVGVAG-DWTSVLVSC-VGILSVGIWPWDSEN-YNECEHVACAQ,MMMLTVMNWLFTRPPAGHCRTFRSSCG-NLLQ--IDNI-DIDPAR-TMVHTDDGVWRNGK-KFFKATKMRDDNHWYIVEMHIYTLCVWVETCGA-NPCA-TQQWWPVGVAG-DWTSVLVSC-VGILSVGIWPWDSEN-YNECEHVACA
PMVSIHFHFHGHAQDMVHVRV-WQSL-SSLLTTSSLYLY-GYYALREINLSP-SQYSGS---SATLSSSGRASSG-WCSAGI-CRHPTKKTCDTDY--NQMK-ECKIPQG-IEQIYLEPDQKELQNYFCAFVWGKWASG-YQAVGHARV,WGTNHP-ETKD-LHMSWNVPDKNK-GVSTKSLSTSSRVTSTGSLNYE-DDDPSKVACERTPGAQSAQSLGVSKADECAFRY-HKDLPCYMDMKNDWPWKMAGLCMAMINNW-WNKGSGQ-LIHASANVWMEMFPHTHMYVHKVSNYSD,PMVSIHFHFHGHAQDMVHVRV-WQAI-PSWPPQLIAYVVETSYALREINLSP-SQYSHYTCNR-MLSQCWWRIEHCWCSAGI-CRHPTKKTCDTDY--NQMK-ECKIPQG-IEQIYLEPDQKELQNYFCAFVWGKWASG-YQAVGHARV,PMVSIHFHFHGHAQDMVHVRV-WQAI-PSWPPQLIAYVVETSYALREINLSP-SQYSHYTCNR-MLSQCWWRIEHCWCSAGI-CRHPTKKTCDTDY--NQMK-ECKIPQG-IEQIYLEPDQKELQNYFCAFVWGKWASG-YQAVGHAR
VN-KAQKSEKLEECSQPTDLPYAQSSSASLAGTSAPTLVPGGFNK-CASQYHVMPACS---SGGGDAESAASGYSASRKCIDWSEHSWMVCV-WIRGRVKLQIRMQELDPWVEGCNKQFDTDQICDEWKCWQARLSPCDIWVTNVHNCL,GFMHIHNKTKNETDDRYEVMWHD---GLLTQG-GS---PAATMY-LRMPDWEPTECWAGYSGSG-GVTQA--TREKSRQLDWYINLGHLVVDSTKG-FSI-TWTGFFYMVVDGFLSQPFIIEATWPMWDPE-FQFKSGEEKTETY-IW,VN-KAQKSEKLEECSQPTDLPYAQTYKMEYQSMEKFTRICMAFNK-CASQYHVMPACGE-VYWLYT-LAAWVPW-CSRKCIDWSEHSWMVCV-WIRGRVKLQIRMQELDPWVEGCNKQFDTDQICDEWKCWQARLSPCDIWVTNVHNCL,VN-KAQKSEKLEECSQPTDLPYAQTYKMEYQSMEKFTRICMAFNK-CASQYHVMPACGE-VYWLYT-LAAWVPW-CSRKCIDWSEHSWMVCV-WIRGRVKLQIRMQELDPWVEGCNKQFDTDQICDEWKCWQARLSPCDIWVTNVHNC
RYFNGAIEYSAPIDWSLLYETVTASLTLVTTTS-SGGLLQ--PGDIGEYFLAKL-WHQTGLSGRASG-----NLSACKHG-CSICTMLG-YKIVNIQDEFDKETA-RKKKRQWMLTVSNMTGYWWT-MEEF-HLSRGNVLEYVHCENSC,HRP-LT-IVMQCQHMLIEATLSWNADSSG---SGD----PTLIFCKQPMLVFIRWRDWTPSSV------VSQQDKERKIMFIIWKMWL-EAKINYYRGYCYEKLDMDMDTFFKLSITFKG-EWQREFDQLTSQKDDAFSSYDEMFEFG,RYFNGAIEYSAPIDWSLLYETVTAPCHNWIEPHQQHPE-EKFPGDIGEYFLAKL-WHYDHRKLVDLGTPLVAN-IDCKHG-CSICTMLG-YKIVNIQDEFDKETA-RKKKRQWMLTVSNMTGYWWT-MEEF-HLSRGNVLEYVHCENSC,RYFNGAIEYSAPIDWSLLYETVTAPCHNWIEPHQQHPE-EKFPGDIGEYFLAKL-WHYDHRKLVDLGTPLVAN-IDCKHG-CSICTMLG-YKIVNIQDEFDKETA-RKKKRQWMLTVSNMTGYWWT-MEEF-HLSRGNVLEYVHCENS
FDIPVTGYFWWRQF-TVYDYGEREGTL--GGLIAPG-------WKAQGRWGQPEMFVSTRSDYERLGGSGSLS-SGSRIYCPGNNNIWMYHPN-AAWAYFIMERGYWG-ANVIRVSLMA-GIRGEHFYLYEFH-QGKWGP-KECITGLH,KSPCNEQRKA-KMNPK-IWGEEILLGTAVRPSESGSG----SCMRVQKIDCLHVMMGSGGVYVQ--SGSGVSVMT-VSHSKTGLFLRENPELIMYTAGVYNSAQPCWK--GPMQHY-CRLCENSIRECNPPAPCAMGIKMINFCWKWT,FDIPVTGYFWWRQF-TVYDYGEREDQWYTEW-QTN-RGYTLW-WKAQGRWGQPEMFVCAMVDLNNSWGDLMGEHMSSRIYCPGNNNIWMYHPN-AAWAYFIMERGYWG-ANVIRVSLMA-GIRGEHFYLYEFH-QGKWGP-KECITGLH,FDIPVTGYFWWRQF-TVYDYGEREDQWYTEW-QTN-RGYTLW-WKAQGRWGQPEMFVCAMVDLNNSWGDLMGEHMSSRIYCPGNNNIWMYHPN-AAWAYFIMERGYWG-ANVIRVSLMA-GIRGEHFYLYEFH-QGKWGP-KECITGL
AMGSRPEFSDWNYIATWFKDADS--GGTLGSVYAGTAAGGYALNREKDGAIDY-EGYAQLTGSGRGTKTG---TPSSGRH-KPET--SNTTAMMANYPDNSF-EHQIMRWHMTMETPWDCCIFMFYPAHWVCLQ-EK-NNQVLGPMHC-,WQARHSEVAHDGTSDMYYISHIYWYVSGSG---GPGGLG--STKTDELH-CDIKTHLFARGYSLRSSGVVSGW-WGWVCIEDHDENVFWYQLHGEYIC-RFWSEKD-H-LLCYTQFHTFASWCEV-KHKIKEFNHMFSMDKMNYVHLI,AMGSRPEFSDWNYIATWFKDADS-GCTNEYHPHGAKYRFLRLLNREKDGAIDY-EGYRTPHKSHGGDHKCPEPEMASGRH-KPET--SNTTAMMANYPDNSF-EHQIMRWHMTMETPWDCCIFMFYPAHWVCLQ-EK-NNQVLGPMHC-,AMGSRPEFSDWNYIATWFKDADS-GCTNEYHPHGAKYRFLRLLNREKDGAIDY-EGYRTPHKSHGGDHKCPEPEMASGRH-KPET--SNTTAMMANYPDNSF-EHQIMRWHMTMETPWDCCIFMFYPAHWVCLQ-EK-NNQVLGPMHC
WMW-QHLNWRP-MNPLFQMPYKCFYLSVGVGLT-SY-SLYV--MHQWRCGERSFYHGSPTGG---YYSR--GGLQGLEGHLIAANFTCGKFAIRHDHWPPKFF-DGDVRVFGNAKMHRFMGHTWHMIGCVYEKDNGEGLFGISPQV-QT,WWSMRTLDC-FCCYWRLEIFRHQRSLQAPSSRNSKIAS--YTNCKILNCGADTKKVNHLKDGVLSAGRGSVGPIIEDQVFLLIAWKHVMCY--VVNFQYYQAAIEYQ-KWSWGAA-QQLVMYYEQEVN-SCNLTTHHHKEICLKGNEL,WMW-QHLNWRP-MNPLFQMPYKCFPCSHRVCETRRTPARVEE-MHQWRCGERSFYHGTSMDMLQFDFWFNFVWTYLLEGHLIAANFTCGKFAIRHDHWPPKFF-DGDVRVFGNAKMHRFMGHTWHMIGCVYEKDNGEGLFGISPQV-QT,WMW-QHLNWRP-MNPLFQMPYKCFPCSHRVCETRRTPARVEE-MHQWRCGERSFYHGTSMDMLQFDFWFNFVWTYLLEGHLIAANFTCGKFAIRHDHWPPKFF-DGDVRVFGNAKMHRFMGHTWHMIGCVYEKDNGEGLFGISPQV-Q
RWLRH-GPSTKQVPSSNHAS-RFNGSKLG-LTLSS-----RVFRAAYAFVMTLFYTQRGKSLEVSYSDSPGLYVLYILHFGYMWCHQSYSCDWQHLLGVLWKFCS-VEQIFHQITCGN-QTLQGSNDRCKYNSSARHSWYTYFSNPKRQ,EADLELCNHEMCCCLSFMAYDTNEY-----YSVLLRYISS-QAQRPGLWLALRCFSK-SSRTGGYG-SYYYTCQIAMDVNQVTFAYTEPRIQCLTPHLMCHYMLEYTSFQSWNDA-WMS-PHAEWNSCVRKYNDWQTHQDCYG-YHSC,RWLRH-GPSTKQVPSSNHAS-RFNIAKAMQDGWDQ-EQRTIGFRAAYAFVMTLFYTQWECKCNSPLWIYCLVTYFVILHFGYMWCHQSYSCDWQHLLGVLWKFCS-VEQIFHQITCGN-QTLQGSNDRCKYNSSARHSWYTYFSNPKRQ,RWLRH-GPSTKQVPSSNHAS-RFNIAKAMQDGWDQ-EQRTIGFRAAYAFVMTLFYTQWECKCNSPLWIYCLVTYFVILHFGYMWCHQSYSCDWQHLLGVLWKFCS-VEQIFHQITCGN-QTLQGSNDRCKYNSSARHSWYTYFSNPKR
TDIGLGVWESMGQ-KYVCDVFINDSGTLLTAGSES-SGGAPLPC-YAQ--FMRPNT--WLKYVPSESYL-S------T-PHLLYNALMCGMQVFKGS-PFMDLQISTCICDCEVHKSAMFHHQKSHAHRH-PGLVCKIW-KPQWYYIIY,VEEEFFDVFFSKFRTHYCAGGDAPV-PAGGT--TLSYSRL-SSNIMMQGIFWTPIHHRQSGTSG-----FSVLSKEKQ-PCQKICLKREKM-MDA-SSLCTWTDSCYPSFHDVYKQ-EGADDQQYLYPQCFLHEVEP-KYLAMVKQIW,TDIGLGVWESMGQ-KYVCDVFINDTCHVQY-RWKAWRIKVRAPC-YAQ--FMRPNT-QSHEIMR-LMIAWPP-FNA-T-PHLLYNALMCGMQVFKGS-PFMDLQISTCICDCEVHKSAMFHHQKSHAHRH-PGLVCKIW-KPQWYYIIY,TDIGLGVWESMGQ-KYVCDVFINDTCHVQY-RWKAWRIKVRAPC-YAQ--FMRPNT-QSHEIMR-LMIAWPP-FNA-T-PHLLYNALMCGMQVFKGS-PFMDLQISTCICDCEVHKSAMFHHQKSHAHRH-PGLVCKIW-KPQWYYII
CVK-EMCQLMAYRNDRHTMIK-QTTSV-SKVTVTT------VRT-MMIKWQCWVPVCADSRAVGSSRLLKLGSSLSCDMNGGWYWNTQTWLAEYVCEM-ESLAC-DLCGPNEWVAESQHIFERGVCIIAMMVLQRHFFVGVIM-ALQWL,LIMCVYERLYCPEFKETAYHQEMRYPQSGLTLGVGLPASAVTPRQVTR-NLLWGHYF--YVVARVASGAGYYK-CHIVEQAMSCAYASLKNGMAYFMMGPVYGNRC-GKAIDRKEQHSNWCMPWVYTWNRAHFYDTTWKKRCTP-RHG,CVK-EMCQLMAYRNDRHTMIK-QTGLNCQVTPVRQPG-WYKTRT-MMIKWQCWVPVCQQLKMVDAPFLAEAWMSQNCDMNGGWYWNTQTWLAEYVCEM-ESLAC-DLCGPNEWVAESQHIFERGVCIIAMMVLQRHFFVGVIM-ALQWL,CVK-EMCQLMAYRNDRHTMIK-QTGLNCQVTPVRQPG-WYKTRT-MMIKWQCWVPVCQQLKMVDAPFLAEAWMSQNCDMNGGWYWNTQTWLAEYVCEM-ESLAC-DLCGPNEWVAESQHIFERGVCIIAMMVLQRHFFVGVIM-ALQW
FTYFM-I-CMHGVVEE--LLCQPNAAKGAALSG-LSYLSGLGIWVVLSPLDENLSGTSLITVSGSRGTATTYRRSSYMPLKFTPNMPSHMGVFM-DKAQSECDDTGVC-FG-KIHVAGEQIVQIIDHYSLVMFPSQWKPPHRLAAWQAR,NGCSVLINGRSGMIRKDWIA-STVTYVSG--SVQGASGTVPGKRDYISIKGW-RMREGITAYSYSSSWGGGINVDTHALGTPHARIRPLPL-PSIGVMKS-KDTMPWVGAL-THEE-CSKCMLTLKEMLDVMCTPAIDFWTEQWAALS,FTYFM-I-CMHGVVEE--LLCQPNKQLFKHPIRVCQERCTHPIWVVLSPLDENLSGTWCPWDNFIWEMWEVNV-WKYMPLKFTPNMPSHMGVFM-DKAQSECDDTGVC-FG-KIHVAGEQIVQIIDHYSLVMFPSQWKPPHRLAAWQAR,FTYFM-I-CMHGVVEE--LLCQPNKQLFKHPIRVCQERCTHPIWVVLSPLDENLSGTWCPWDNFIWEMWEVNV-WKYMPLKFTPNMPSHMGVFM-DKAQSECDDTGVC-FG-KIHVAGEQIVQIIDHYSLVMFPSQWKPPHRLAAWQA
PSKDCPEFSTNIMIYVPKEQFKDWVTSSS-TGSSLSLG-VGSMFGNWPIYWGLMTSKGVYAVGTSLVTTGSGSLRQTREFGDQS-QCLHALCCYDHL-LC-TFFPVMRPNQRQCEWEPRCD-TQ-CIFW-TCEHPAEDMC-ICQT-KFC,MMLINI-RRAEEEWRLHCTGWQEVSPVYS-YTSPSGLSSS--RDKH-HNMRKGDGRQMGLSSGVLGRAP-QSGSMMID-CQLEQWSYQQGHGYPVKFIMWSQHAWDTPTIRSMNSCCIPPHRHVP-YWDNLETEILTNYKFEDT--HE,PSKDCPEFSTNIMIYVPKEQFKDWHIKHQLYHSQHRMPVAMGMFGNWPIYWGLMTSKFE-PLLYGT-KPGPHPMVSTREFGDQS-QCLHALCCYDHL-LC-TFFPVMRPNQRQCEWEPRCD-TQ-CIFW-TCEHPAEDMC-ICQT-KFC,PSKDCPEFSTNIMIYVPKEQFKDWHIKHQLYHSQHRMPVAMGMFGNWPIYWGLMTSKFE-PLLYGT-KPGPHPMVSTREFGDQS-QCLHALCCYDHL-LC-TFFPVMRPNQRQCEWEPRCD-TQ-CIFW-TCEHPAEDMC-ICQT-KF
WDGRRIIFPGGFGKKLAMQHVLALSAGTLVSSGGSAAG-TAGPDNN--HNLSARTGFPVVLTTGS-YVS-SG-GVRNAIMNLIIKSHPGNAPAKHMRVLLDKALVCDYKPLNNISEYKECPGVMEAMECCWYHHKS-WRESAYKQDVEF,EHNHNLAWTISYFRWVVAWVNQTAGTG-GS-ST---ASY--VMHSMCFANQGKFDMTEGGSAVYCGTSY-VGKGA-HRRMVENTDLKMAQLRSYDGQCIHWEGFFIPVAVSAMHFQDYAVDVDRPRIDPLAGQGFQMGEERM-IKYHA,WDGRRIIFPGGFGKKLAMQHVLALKAWALPTGKRIPNWVFQAPDNN--HNLSARTGFFDW-DFQIKYICHKPA-GGNAIMNLIIKSHPGNAPAKHMRVLLDKALVCDYKPLNNISEYKECPGVMEAMECCWYHHKS-WRESAYKQDVEF,WDGRRIIFPGGFGKKLAMQHVLALKAWALPTGKRIPNWVFQAPDNN--HNLSARTGFFDW-DFQIKYICHKPA-GGNAIMNLIIKSHPGNAPAKHMRVLLDKALVCDYKPLNNISEYKECPGVMEAMECCWYHHKS-WRESAYKQDVE
IKCDYGYTCDDATLVWPARNFNSPVGSGT---TSIYVSGT--NVIKPTWARWTTIFKG---PGTNGYLISLS---SWFLGTVPAHHI-SPSV-FCCNWKYK-PNAFFKHM-CVMLGWHNSCKCTWQYEH-GPHLW-VFELWNVIIVGGV,WPCQGMFIAVVDTY-EN-S-EWRY--T-G-----AVSARSSSLVGPLKNFVMMSAQNF-SGGASS--TGLLLTGAERWH-VYRYTMCGADCGTTEHEK-FGRWMYGYTSCWERFHVEI-HQGYPAVLKQ-QMELKMI-YFLFG-I-MP,IKCDYGYTCDDATLVWPARNFNSP-QNYADPCAKMEPWKENTNVIKPTWARWTTIFKMIDLHCDDTKH-SPINYDKWFLGTVPAHHI-SPSV-FCCNWKYK-PNAFFKHM-CVMLGWHNSCKCTWQYEH-GPHLW-VFELWNVIIVGGV,IKCDYGYTCDDATLVWPARNFNSP-QNYADPCAKMEPWKENTNVIKPTWARWTTIFKMIDLHCDDTKH-SPINYDKWFLGTVPAHHI-SPSV-FCCNWKYK-PNAFFKHM-CVMLGWHNSCKCTWQYEH-GPHLW-VFELWNVIIVGG
IVNFKEHPPVVNYVQTIWWDPTEMTKLTLTSGEVYYVSLGIGMNYCGGITPRGMTIKPGYSVTGLRFYTSDTAALTIPPMTQMRIGRSCFICKGCMPCHVEIKYRHWVISSEMYRFSHGHRPPLNYSHFLYHAWYKDCTMMDW-WVGHN,QSC-CGDNDLTCMGYSLRTPDVNCTWSGPGTASGYVYLQGSGDMNLEQKYSDGCDQ-KA-SSSSLY-GS-GSSHICMVW-G-SPGWRHPLWGFEENGCALMLYVNDCQAPIKNDNENNGFF-TPAWYVM-EDETF-MLQTICWKTFLR,IVNFKEHPPVVNYVQTIWWDPTEMSDS-WENKHFIHFCVSIKMNYCGGITPRGMTIKSTKWHG-TETF-KLTLTDKIPPMTQMRIGRSCFICKGCMPCHVEIKYRHWVISSEMYRFSHGHRPPLNYSHFLYHAWYKDCTMMDW-WVGHN,IVNFKEHPPVVNYVQTIWWDPTEMSDS-WENKHFIHFCVSIKMNYCGGITPRGMTIKSTKWHG-TETF-KLTLTDKIPPMTQMRIGRSCFICKGCMPCHVEIKYRHWVISSEMYRFSHGHRPPLNYSHFLYHAWYKDCTMMDW-WVGH
YRHSWC-LTCTLGWDNGHCTRAYIGASGGLTYS-GTDVYAYLCWSGESYPQSIMPQESGA------LSSGDSADYGCNLPTNKADTPMKWQFEACEKMWSQPST--YLEM-RQDTFHCTQMGEDQREHHA-WVVWI-SD-FSTCSAINK,DRCLGPGCW-TMSGDA-KYYFLISSRKSSTSV--LG----TSSPEAGMVML-RYDNWWSTLVSTASSGSGSTKCHHQVNCPGRMSNNMSLVVICPKLPLIICKGRLVRMEYEQFPVNMTW-LTLCHRLRPEFFNDWA-MLSMYITE-E,YRHSWC-LTCTLGWDNGHCTRAYIYCESVSRIIK-WMWTVFNCWSGESYPQSIMPQEKAGFTRHTEAIKCMYPAGVCNLPTNKADTPMKWQFEACEKMWSQPST--YLEM-RQDTFHCTQMGEDQREHHA-WVVWI-SD-FSTCSAINK,YRHSWC-LTCTLGWDNGHCTRAYIYCESVSRIIK-WMWTVFNCWSGESYPQSIMPQEKAGFTRHTEAIKCMYPAGVCNLPTNKADTPMKWQFEACEKMWSQPST--YLEM-RQDTFHCTQMGEDQREHHA-WVVWI-SD-FSTCSAIN
WR-CIVSDDEKPENIHFGV-SIKHGQFTLLSYSG-S--SVYVMGSQAYRFQPAYTI----SVSYS---NSLSSYVTYPSNCHVNSYDPMKCFYYIFSNRTHCDQRKRDHWPHQGFNFHYCGNHSLARHWRQCGLTAVAKHNP-QKE-QV,H-IPCVERMRRSKWA-DSYNEVRQSGSGSDRATYY--TVSGTPETDRSGEP-ENTKC-PVRYLSGLSYVSGVRVKCNYRASMLHKSA-AAPKK-EIIHPRDWWMNKNPDNNHSGTFKWICNGYHPKYYD-NLWEDRDR-KVVSWIHHN,WR-CIVSDDEKPENIHFGV-SIKHAYHWHSAIYSAKENCFSLMGSQAYRFQPAYTI-QFSVTVRLEHRYRCVDELGYPSNCHVNSYDPMKCFYYIFSNRTHCDQRKRDHWPHQGFNFHYCGNHSLARHWRQCGLTAVAKHNP-QKE-QV,WR-CIVSDDEKPENIHFGV-SIKHAYHWHSAIYSAKENCFSLMGSQAYRFQPAYTI-QFSVTVRLEHRYRCVDELGYPSNCHVNSYDPMKCFYYIFSNRTHCDQRKRDHWPHQGFNFHYCGNHSLARHWRQCGLTAVAKHNP-QKE-Q
ACCCWFPNECLGWMIGPMVMDRLQTLT-----SGV-AGISGSAGHTIFSEKDPSSQA-GTLSYVRYLVGLSAY-YYCWKYYH-TDDNYQCTTYQPDIKTPKIEREMNTFCTEPPAMVHGFRSKRKRLTC-LLQSIHVEDQPQVSRMWQ-,NCAAQRPMPQEIVAFSVEPFNSLKSYSSGRG-GPS--ADSLSYHIPDQSACNMSN-DGAL---RSTSSYVKSIWIPLARPWFFTFMMRG-HCADWFIGAKR-DQG-EMACIHYTEWDMILIFDCFSMVQYVDMARCDDYCDGEMARSE,ACCCWFPNECLGWMIGPMVMDRLQTLPTFERRYKGAPEDWYEAGHTIFSEKDPSSQAFGFDGLVDMPY-SIFWRAHCWKYYH-TDDNYQCTTYQPDIKTPKIEREMNTFCTEPPAMVHGFRSKRKRLTC-LLQSIHVEDQPQVSRMWQ-,ACCCWFPNECLGWMIGPMVMDRLQTLPTFERRYKGAPEDWYEAGHTIFSEKDPSSQAFGFDGLVDMPY-SIFWRAHCWKYYH-TDDNYQCTTYQPDIKTPKIEREMNTFCTEPPAMVHGFRSKRKRLTC-LLQSIHVEDQPQVSRMWQ
PHEKLACNA-MNNWCMDINIAP-SSLGGVSLLVASSSGSGSTSESQHVHRNDMQQQCGSGSLVSS-S---VTGASYNPWFLYPQPLGTDHSVSD-SNGI-CFDRYDHVEVDMKDFIKKTCSHGLVCYNGFMLRFISSRDIYDFPAFRKK,PIYVGICFKNAMKEFFISADVILPVSSISLIS----SSLRSSDKYSANNMVELTLGDSSTFSGTYAGY-PSG-RVIYS-RDH-LAHMVD---EHQEMLT-LNQQRHQGWMWGTRLT-WTIKTEQCLIIQNYEWESK-EHVVITQFAVP,PHEKLACNA-MNNWCMDINIAP-SAVVIIKRCKQRSDCARNWSESQHVHRNDMQQQCIQLEMISYHQFPGNSLPTCNPWFLYPQPLGTDHSVSD-SNGI-CFDRYDHVEVDMKDFIKKTCSHGLVCYNGFMLRFISSRDIYDFPAFRKK,PHEKLACNA-MNNWCMDINIAP-SAVVIIKRCKQRSDCARNWSESQHVHRNDMQQQCIQLEMISYHQFPGNSLPTCNPWFLYPQPLGTDHSVSD-SNGI-CFDRYDHVEVDMKDFIKKTCSHGLVCYNGFMLRFISSRDIYDFPAFRK
QECI-IQFMPPDWKRVDMSWHDNQSYSSGS--SAESVGSGPGDKYQIGKYHGSDEPPTAVRSGQS----GGGSGA-ACNN-CFRGKLN-ERVIREI-LKRIPTNHQDMYGNDMWQFKMFRMSRNWRVIVLQNLDG-VTYKKRN-LNMCL,AMFLWCTEGFGTGEVSHFGCARK---DSGWS-RASSDTVGTGGNWNLEECCAWHNSEKTLVSLTYGADGSVSCWERTD-VW-WTGRLYKAQDG-CQGCW-MWALPCTGHMSGAAKTKRRNHRGWAQMQD-MVGQTCI-F-ICLH--KQ,QECI-IQFMPPDWKRVDMSWHDNQTRFDLKPIEWDSLVQQWPDKYQIGKYHGSDEPPNDGTGGEWWELMRYCMDYDACNN-CFRGKLN-ERVIREI-LKRIPTNHQDMYGNDMWQFKMFRMSRNWRVIVLQNLDG-VTYKKRN-LNMCL,QECI-IQFMPPDWKRVDMSWHDNQTRFDLKPIEWDSLVQQWPDKYQIGKYHGSDEPPNDGTGGEWWELMRYCMDYDACNN-CFRGKLN-ERVIREI-LKRIPTNHQDMYGNDMWQFKMFRMSRNWRVIVLQNLDG-VTYKKRN-LNMC
CPEHLHMNEDDSTMHRRHHPHVHQLTVTVA-SGYGRSSVQLGVMGNL-PVRTFIVDAL---SGSYYATGSSLIY-VT-SQWQIKWVS--EITRIEHVFGMAMFAHDRSVHI-EPKWLVALVGKVSGLKEHIDRTRIHIKKR-VKCEAVN,TRWWTMHEARQSNSVY-DF-ASLKSSGSAPSS-GGISG-VGGHRMWPVGCPHCQLSIYGSLV-GSVRPL---VFMTP-IWPWPLKYCNTLHHMYHMLHAGAFMNEWVYTATKCQNNML-KMPRHLQGTCIHYNWSAEGQCDWEMHGPW,CPEHLHMNEDDSTMHRRHHPHVHQGMQAPDVS-WGIPAWHMPVMGNL-PVRTFIVDATM-TKWGPLCDGWIW-YDQT-SQWQIKWVS--EITRIEHVFGMAMFAHDRSVHI-EPKWLVALVGKVSGLKEHIDRTRIHIKKR-VKCEAVN,CPEHLHMNEDDSTMHRRHHPHVHQGMQAPDVS-WGIPAWHMPVMGNL-PVRTFIVDATM-TKWGPLCDGWIW-YDQT-SQWQIKWVS--EITRIEHVFGMAMFAHDRSVHI-EPKWLVALVGKVSGLKEHIDRTRIHIKKR-VKCEAV
FAWQMPGTKLDSHNDNPTD-GFCNGVSGGGGTVT----SGGRNLWTVEHKTIVKEILS--SGGSST----LYGSSAITACIQSRPGWCFRWEHMLPPTPPLWLEFYPGG-YMLRQMFFTVMERPPMSLCNISESCLCVKDTVEYAATLN,DPLPWW-EHEYI-EAVC-YMTFDY--S-ITTDL--GPSLILGMDLH-GLQLRPT-MK-AS-LSSLVDYSVT--ENELSCQKKHVTCLWTFHDSIQGTGSDYLENSFDNPVCEPKSTGDFDE-IDDG-IWLETGKMQLAGSAEMASSNH,FAWQMPGTKLDSHNDNPTD-GFCNQCSHQHNFMMLQEEKIYYNLWTVEHKTIVKEILLFAHLVCGVDQTQVFYSGNITACIQSRPGWCFRWEHMLPPTPPLWLEFYPGG-YMLRQMFFTVMERPPMSLCNISESCLCVKDTVEYAATLN,FAWQMPGTKLDSHNDNPTD-GFCNQCSHQHNFMMLQEEKIYYNLWTVEHKTIVKEILLFAHLVCGVDQTQVFYSGNITACIQSRPGWCFRWEHMLPPTPPLWLEFYPGG-YMLRQMFFTVMERPPMSLCNISESCLCVKDTVEYAATL
LQLDHKFTE-QEFVHKGSTGKCDRGLTSLVSS------SLSYWREGTIRNLKTSHFLLWSGL----TSG---ITGLFHQGPNEP-TRWNPEVHFYYEYHR-SPWG-ESYERI-EHGTMLCRRSYGRPGFAMCCRP-EDGICI-CLDMSR,ASHFPKFQYP-FQKHMLGN-NQQGLVQATPKLTSTRPTLV--DCQLKAGVIFPAKGFKPSLLSGRDSPGS--PYQFEENHTERNCVHCPVQHHCL-MGRCTKQPCIRFWNRKIRSP-LSLSLPFVGNVVEGIKQWCQQQNHYIKGAAH,LQLDHKFTE-QEFVHKGSTGKCDRSVKSGAEDEAC-EIFDLSWREGTIRNLKTSHFLWQGGEWIRAKLRQVYAVKAFHQGPNEP-TRWNPEVHFYYEYHR-SPWG-ESYERI-EHGTMLCRRSYGRPGFAMCCRP-EDGICI-CLDMSR,LQLDHKFTE-QEFVHKGSTGKCDRSVKSGAEDEAC-EIFDLSWREGTIRNLKTSHFLWQGGEWIRAKLRQVYAVKAFHQGPNEP-TRWNPEVHFYYEYHR-SPWG-ESYERI-EHGTMLCRRSYGRPGFAMCCRP-EDGICI-CLDMS
MYRFLMFSP-AKMPTENFQFNWCDGG-ASV-SYVTGRSTLYSADIESNQKDKQIVGHS-SGVVSRGLASTVS----PQTYQLKWAVFLHILYMQAKRRYMTVCFLYGEQHTLPCAPMMGSMTDSNHDM-HNHSHPEQSQYASIDVEVEV,CRWERQLTFLEADQCAPDSCFWKITGA-GSSG---YTS---SMPEYARWIVQHDAGAQSSGT---TSV-YSAWKEKMIGQQCLTKKLCL-GHFQQMTK-NEKTNCQMWLH-EAPYWETRYEWHCWKFSVMDHIYEQDSNI--EWNWPI,MYRFLMFSP-AKMPTENFQFNWCDALAPYAPSMNMFHQAVFDADIESNQKDKQIVGHPDLLVNIFWWVQGWGQEEMPQTYQLKWAVFLHILYMQAKRRYMTVCFLYGEQHTLPCAPMMGSMTDSNHDM-HNHSHPEQSQYASIDVEVEV,MYRFLMFSP-AKMPTENFQFNWCDALAPYAPSMNMFHQAVFDADIESNQKDKQIVGHPDLLVNIFWWVQGWGQEEMPQTYQLKWAVFLHILYMQAKRRYMTVCFLYGEQHTLPCAPMMGSMTDSNHDM-HNHSHPEQSQYASIDVEVE
AWEEEQCKQHGISILPHVWGHLEWVLGSG-GSLSGS-YT-SLW-SMKCQMTP-FRP--S-PSS-STDTASYLTTGTESDHTDRSCHNSHVEP-QHILSPQALDTDSVEKADMANQFLIREHCM-VVI-SVYV-KGMWVIHVHFVVYYPA,FEFPFVEHPCIWTNDMGNQNYLKTGCSPGAPRYASADYT--SS-FNMNMIVIPFGIKCTQQSGLTLSLSIYVAYQFRRK-MLWAHKATCKCHIKVE--I-RRTYIQKHKV-HHAHKRCGWYVNICRV-FYWTYGRFEYDWLPYSGEMM,AWEEEQCKQHGISILPHVWGHLEWDLMVLRFSYQQHHHD-STW-SMKCQMTP-FRP--Y-ELQGCCACMISYRHP-ESDHTDRSCHNSHVEP-QHILSPQALDTDSVEKADMANQFLIREHCM-VVI-SVYV-KGMWVIHVHFVVYYPA,AWEEEQCKQHGISILPHVWGHLEWDLMVLRFSYQQHHHD-STW-SMKCQMTP-FRP--Y-ELQGCCACMISYRHP-ESDHTDRSCHNSHVEP-QHILSPQALDTDSVEKADMANQFLIREHCM-VVI-SVYV-KGMWVIHVHFVVYYP
ICKFHDLQGGPFREF--DHRYRATG-LISV--SGLA---VSIAFL-LVIQ-RPRQHITGASGGSLTGS-KTYYTLLIFGIEEPK-EPY-HVAQYWWWAPELAAWHDIM-R-VHGCGN-MPKEWIVRNVRW-YWKHYGHDAPWKTDAKFS,HYFCLWTWANVNMQVCNLTSQRLCSQ-SLYD--G---------WAGELCK-HFMVIMYGLTGRYGTKSRRVSLLVDMDYSWMVRTGHDWSCCLCWEENTFTPAG-WPQLKANRHTDLDRIRDIN-DRERDSCDMIHHCL-WPLTIKLV,ICKFHDLQGGPFREF--DHRYRATNHEDHEDPNLGATNRNLEAFL-LVIQ-RPRQHIDDSYRALCW-CCKGRLSMTIFGIEEPK-EPY-HVAQYWWWAPELAAWHDIM-R-VHGCGN-MPKEWIVRNVRW-YWKHYGHDAPWKTDAKFS,ICKFHDLQGGPFREF--DHRYRATNHEDHEDPNLGATNRNLEAFL-LVIQ-RPRQHIDDSYRALCW-CCKGRLSMTIFGIEEPK-EPY-HVAQYWWWAPELAAWHDIM-R-VHGCGN-MPKEWIVRNVRW-YWKHYGHDAPWKTDAKF
FFFMYAWARLFL-LYQQVSND-TC-LSGVT-SGSGAG-GGTSPFTSHEFKTHQGDCGTYGASGSGSGGAGTGST-SPRKTDAMFA-LHGPNIHLHRIIYINGSHE-RSKG-DKDSQYGGGPCIGW-PPRVYNETEE-F-NGRPGKC-RF,NYMP-YYES-CETHCNRCTEP-C-VTYS-GTGSPGGTPGAPGYMIQVYCGLK-MIYAILSL--R-GTSYLLRPITVANCEKGERTWGMQKPMMKVAEEICGFSNWEMVQSCIHYPEWLVEKDEHDAMYACL-Y--GKII-W-LSQKVN,FFFMYAWARLFL-LYQQVSND-TCYITWNVEWIFLVWVVA-KPFTSHEFKTHQGDCGVGGWWYSRHRSTQSFCHCKPRKTDAMFA-LHGPNIHLHRIIYINGSHE-RSKG-DKDSQYGGGPCIGW-PPRVYNETEE-F-NGRPGKC-RF,FFFMYAWARLFL-LYQQVSND-TCYITWNVEWIFLVWVVA-KPFTSHEFKTHQGDCGVGGWWYSRHRSTQSFCHCKPRKTDAMFA-LHGPNIHLHRIIYINGSHE-RSKG-DKDSQYGGGPCIGW-PPRVYNETEE-F-NGRPGKC-R
D-AAKALWHYPKFC-FFHNLWCYKGGLTSALGGGPYVYVS-LGCYGDAIAHGVLSWLSTTGSRLSSLSRSTGSRGYWDKVQGILCNNGIMNLEDIRYELEHRLWSLRNTVLSHERNDTNWDTFIKLSQQAIWSAL-TT-SWQPEVHLFK,SGFTKLDCYYDKMSSLP-EAYVTWVGTG-SPGTEGQPTSGQAN-LTMYLIW-TICEQ---TASSG----ASGQITKVSF-QMLITDEKTQVY-PSE-STDLTLGIIVHELNHWAIQI-YLVEIFPVRYMGTTWVWWLMQLRHRS-CTD,D-AAKALWHYPKFC-FFHNLWCYKKEDDWGHCHAPTKK--ILGCYGDAIAHGVLSWLLEMHWVPPGFSCSPTYHLKWDKVQGILCNNGIMNLEDIRYELEHRLWSLRNTVLSHERNDTNWDTFIKLSQQAIWSAL-TT-SWQPEVHLFK,D-AAKALWHYPKFC-FFHNLWCYKKEDDWGHCHAPTKK--ILGCYGDAIAHGVLSWLLEMHWVPPGFSCSPTYHLKWDKVQGILCNNGIMNLEDIRYELEHRLWSLRNTVLSHERNDTNWDTFIKLSQQAIWSAL-TT-SWQPEVHLF
